"EDULIT_IND","Indicator","LOCATION","Country","TIME","Time","Value","Flag Codes","Flags"
"FGP_5T8_F600","Percentage of graduates from Information and Communication Technologies programmes in tertiary education who are female (%)","NLD","Netherlands","2013","2013",15.40704,,
"FGP_5T8_F600","Percentage of graduates from Information and Communication Technologies programmes in tertiary education who are female (%)","NLD","Netherlands","2014","2014",16.57212,,
"FGP_5T8_F600","Percentage of graduates from Information and Communication Technologies programmes in tertiary education who are female (%)","NLD","Netherlands","2017","2017",14.47267,,
"FGP_5T8_F600","Percentage of graduates from Information and Communication Technologies programmes in tertiary education who are female (%)","AZE","Azerbaijan","2015","2015",35.34816,,
"FGP_5T8_F600","Percentage of graduates from Information and Communication Technologies programmes in tertiary education who are female (%)","AZE","Azerbaijan","2016","2016",41.11718,,
"FGP_5T8_F600","Percentage of graduates from Information and Communication Technologies programmes in tertiary education who are female (%)","AZE","Azerbaijan","2017","2017",46.81107,,
"FGP_5T8_F600","Percentage of graduates from Information and Communication Technologies programmes in tertiary education who are female (%)","AZE","Azerbaijan","2018","2018",45.96774,,
"FGP_5T8_F600","Percentage of graduates from Information and Communication Technologies programmes in tertiary education who are female (%)","ESP","Spain","2013","2013",15.2031,,
"FGP_5T8_F600","Percentage of graduates from Information and Communication Technologies programmes in tertiary education who are female (%)","ESP","Spain","2014","2014",14.72218,,
"FGP_5T8_F600","Percentage of graduates from Information and Communication Technologies programmes in tertiary education who are female (%)","ESP","Spain","2015","2015",14.46526,,
"FGP_5T8_F600","Percentage of graduates from Information and Communication Technologies programmes in tertiary education who are female (%)","ESP","Spain","2016","2016",14.02435,,
"FGP_5T8_F600","Percentage of graduates from Information and Communication Technologies programmes in tertiary education who are female (%)","ESP","Spain","2017","2017",12.97447,,
"FGP_5T8_F600","Percentage of graduates from Information and Communication Technologies programmes in tertiary education who are female (%)","SDN","Sudan","2015","2015",,"a","Category not applicable"
"FGP_5T8_F600","Percentage of graduates from Information and Communication Technologies programmes in tertiary education who are female (%)","BGR","Bulgaria","2013","2013",41.35021,,
"FGP_5T8_F600","Percentage of graduates from Information and Communication Technologies programmes in tertiary education who are female (%)","BGR","Bulgaria","2014","2014",37.90738,,
"FGP_5T8_F600","Percentage of graduates from Information and Communication Technologies programmes in tertiary education who are female (%)","BGR","Bulgaria","2015","2015",39.03935,,
"FGP_5T8_F600","Percentage of graduates from Information and Communication Technologies programmes in tertiary education who are female (%)","BGR","Bulgaria","2016","2016",40.04616,,
"FGP_5T8_F600","Percentage of graduates from Information and Communication Technologies programmes in tertiary education who are female (%)","BGR","Bulgaria","2017","2017",38.74001,,
"FGP_5T8_F600","Percentage of graduates from Information and Communication Technologies programmes in tertiary education who are female (%)","HND","Honduras","2015","2015",30.23578,,
"FGP_5T8_F600","Percentage of graduates from Information and Communication Technologies programmes in tertiary education who are female (%)","HND","Honduras","2016","2016",27.51092,,
"FGP_5T8_F600","Percentage of graduates from Information and Communication Technologies programmes in tertiary education who are female (%)","HND","Honduras","2017","2017",31.86344,,
"FGP_5T8_F600","Percentage of graduates from Information and Communication Technologies programmes in tertiary education who are female (%)","HND","Honduras","2018","2018",27.14469,,
"FGP_5T8_F600","Percentage of graduates from Information and Communication Technologies programmes in tertiary education who are female (%)","CZE","Czechia","2013","2013",14.27967,,
"FGP_5T8_F600","Percentage of graduates from Information and Communication Technologies programmes in tertiary education who are female (%)","CZE","Czechia","2014","2014",16.23874,,
"FGP_5T8_F600","Percentage of graduates from Information and Communication Technologies programmes in tertiary education who are female (%)","CZE","Czechia","2015","2015",13.48753,,
"FGP_5T8_F600","Percentage of graduates from Information and Communication Technologies programmes in tertiary education who are female (%)","CZE","Czechia","2016","2016",15.26864,,
"FGP_5T8_F600","Percentage of graduates from Information and Communication Technologies programmes in tertiary education who are female (%)","CZE","Czechia","2017","2017",15.56509,,
"FGP_5T8_F600","Percentage of graduates from Information and Communication Technologies programmes in tertiary education who are female (%)","IRL","Ireland","2013","2013",19.93968,,
"FGP_5T8_F600","Percentage of graduates from Information and Communication Technologies programmes in tertiary education who are female (%)","IRL","Ireland","2014","2014",19.57627,,
"FGP_5T8_F600","Percentage of graduates from Information and Communication Technologies programmes in tertiary education who are female (%)","IRL","Ireland","2015","2015",20.27555,,
"FGP_5T8_F600","Percentage of graduates from Information and Communication Technologies programmes in tertiary education who are female (%)","IRL","Ireland","2016","2016",20.85069,,
"FGP_5T8_F600","Percentage of graduates from Information and Communication Technologies programmes in tertiary education who are female (%)","MYS","Malaysia","2015","2015",44.55067,,
"FGP_5T8_F600","Percentage of graduates from Information and Communication Technologies programmes in tertiary education who are female (%)","MYS","Malaysia","2018","2018",45.99805,,
"FGP_5T8_F600","Percentage of graduates from Information and Communication Technologies programmes in tertiary education who are female (%)","POL","Poland","2013","2013",17.96201,,
"FGP_5T8_F600","Percentage of graduates from Information and Communication Technologies programmes in tertiary education who are female (%)","POL","Poland","2014","2014",17.38221,,
"FGP_5T8_F600","Percentage of graduates from Information and Communication Technologies programmes in tertiary education who are female (%)","POL","Poland","2015","2015",19.42962,,
"FGP_5T8_F600","Percentage of graduates from Information and Communication Technologies programmes in tertiary education who are female (%)","POL","Poland","2016","2016",17.89799,,
"FGP_5T8_F600","Percentage of graduates from Information and Communication Technologies programmes in tertiary education who are female (%)","POL","Poland","2017","2017",21.1786,,
"FGP_5T8_F600","Percentage of graduates from Information and Communication Technologies programmes in tertiary education who are female (%)","MOZ","Mozambique","2015","2015",23.58974,,
"FGP_5T8_F600","Percentage of graduates from Information and Communication Technologies programmes in tertiary education who are female (%)","MOZ","Mozambique","2016","2016",25.60647,,
"FGP_5T8_F600","Percentage of graduates from Information and Communication Technologies programmes in tertiary education who are female (%)","MOZ","Mozambique","2017","2017",27.06935,,
"FGP_5T8_F600","Percentage of graduates from Information and Communication Technologies programmes in tertiary education who are female (%)","MOZ","Mozambique","2018","2018",20.98765,,
"FGP_5T8_F600","Percentage of graduates from Information and Communication Technologies programmes in tertiary education who are female (%)","SRB","Serbia","2015","2015",28.05267,,
"FGP_5T8_F600","Percentage of graduates from Information and Communication Technologies programmes in tertiary education who are female (%)","SRB","Serbia","2016","2016",27.10608,,
"FGP_5T8_F600","Percentage of graduates from Information and Communication Technologies programmes in tertiary education who are female (%)","SRB","Serbia","2017","2017",25.7554,,
"FGP_5T8_F600","Percentage of graduates from Information and Communication Technologies programmes in tertiary education who are female (%)","SRB","Serbia","2018","2018",28.55473,,
"FGP_5T8_F600","Percentage of graduates from Information and Communication Technologies programmes in tertiary education who are female (%)","SWZ","Eswatini","2015","2015",,"a","Category not applicable"
"FGP_5T8_F600","Percentage of graduates from Information and Communication Technologies programmes in tertiary education who are female (%)","KHM","Cambodia","2015","2015",8.43976,,
"FGP_5T8_F600","Percentage of graduates from Information and Communication Technologies programmes in tertiary education who are female (%)","CYP","Cyprus","2013","2013",30.52209,,
"FGP_5T8_F600","Percentage of graduates from Information and Communication Technologies programmes in tertiary education who are female (%)","CYP","Cyprus","2014","2014",35.89744,,
"FGP_5T8_F600","Percentage of graduates from Information and Communication Technologies programmes in tertiary education who are female (%)","CYP","Cyprus","2015","2015",35.41667,,
"FGP_5T8_F600","Percentage of graduates from Information and Communication Technologies programmes in tertiary education who are female (%)","CYP","Cyprus","2016","2016",30.65327,,
"FGP_5T8_F600","Percentage of graduates from Information and Communication Technologies programmes in tertiary education who are female (%)","CYP","Cyprus","2017","2017",28.4585,,
"FGP_5T8_F600","Percentage of graduates from Information and Communication Technologies programmes in tertiary education who are female (%)","LAO","Lao People's Democratic Republic","2015","2015",30.00564,,
"FGP_5T8_F600","Percentage of graduates from Information and Communication Technologies programmes in tertiary education who are female (%)","LAO","Lao People's Democratic Republic","2016","2016",28.88638,,
"FGP_5T8_F600","Percentage of graduates from Information and Communication Technologies programmes in tertiary education who are female (%)","LAO","Lao People's Democratic Republic","2017","2017",35.07853,,
"FGP_5T8_F600","Percentage of graduates from Information and Communication Technologies programmes in tertiary education who are female (%)","LAO","Lao People's Democratic Republic","2018","2018",40.82181,,
"FGP_5T8_F600","Percentage of graduates from Information and Communication Technologies programmes in tertiary education who are female (%)","BRA","Brazil","2014","2014",15.29114,,
"FGP_5T8_F600","Percentage of graduates from Information and Communication Technologies programmes in tertiary education who are female (%)","BRA","Brazil","2015","2015",15.01138,,
"FGP_5T8_F600","Percentage of graduates from Information and Communication Technologies programmes in tertiary education who are female (%)","BRA","Brazil","2016","2016",14.6263,,
"FGP_5T8_F600","Percentage of graduates from Information and Communication Technologies programmes in tertiary education who are female (%)","BRA","Brazil","2017","2017",14.55104,,
"FGP_5T8_F600","Percentage of graduates from Information and Communication Technologies programmes in tertiary education who are female (%)","BEN","Benin","2014","2014",18.51852,,
"FGP_5T8_F600","Percentage of graduates from Information and Communication Technologies programmes in tertiary education who are female (%)","BEN","Benin","2015","2015",55.06884,,
"FGP_5T8_F600","Percentage of graduates from Information and Communication Technologies programmes in tertiary education who are female (%)","AUT","Austria","2013","2013",13.1535,,
"FGP_5T8_F600","Percentage of graduates from Information and Communication Technologies programmes in tertiary education who are female (%)","AUT","Austria","2014","2014",14.06318,,
"FGP_5T8_F600","Percentage of graduates from Information and Communication Technologies programmes in tertiary education who are female (%)","AUT","Austria","2015","2015",13.6543,,
"FGP_5T8_F600","Percentage of graduates from Information and Communication Technologies programmes in tertiary education who are female (%)","AUT","Austria","2016","2016",14.29883,,
"FGP_5T8_F600","Percentage of graduates from Information and Communication Technologies programmes in tertiary education who are female (%)","MLT","Malta","2013","2013",13.99417,,
"FGP_5T8_F600","Percentage of graduates from Information and Communication Technologies programmes in tertiary education who are female (%)","MLT","Malta","2014","2014",17.86667,,
"FGP_5T8_F600","Percentage of graduates from Information and Communication Technologies programmes in tertiary education who are female (%)","MLT","Malta","2015","2015",18.20896,,
"FGP_5T8_F600","Percentage of graduates from Information and Communication Technologies programmes in tertiary education who are female (%)","MLT","Malta","2016","2016",16.44444,,
"FGP_5T8_F600","Percentage of graduates from Information and Communication Technologies programmes in tertiary education who are female (%)","MLT","Malta","2017","2017",15.97796,,
"FGP_5T8_F600","Percentage of graduates from Information and Communication Technologies programmes in tertiary education who are female (%)","KOR","Republic of Korea","2013","2013",25.02166,,
"FGP_5T8_F600","Percentage of graduates from Information and Communication Technologies programmes in tertiary education who are female (%)","KOR","Republic of Korea","2014","2014",25.99239,,
"FGP_5T8_F600","Percentage of graduates from Information and Communication Technologies programmes in tertiary education who are female (%)","KOR","Republic of Korea","2015","2015",27.33808,,
"FGP_5T8_F600","Percentage of graduates from Information and Communication Technologies programmes in tertiary education who are female (%)","KOR","Republic of Korea","2016","2016",28.62947,,
"FGP_5T8_F600","Percentage of graduates from Information and Communication Technologies programmes in tertiary education who are female (%)","KOR","Republic of Korea","2017","2017",24.32193,,
"FGP_5T8_F600","Percentage of graduates from Information and Communication Technologies programmes in tertiary education who are female (%)","MKD","North Macedonia","2013","2013",27.91293,,
"FGP_5T8_F600","Percentage of graduates from Information and Communication Technologies programmes in tertiary education who are female (%)","MKD","North Macedonia","2014","2014",27.66532,,
"FGP_5T8_F600","Percentage of graduates from Information and Communication Technologies programmes in tertiary education who are female (%)","MKD","North Macedonia","2015","2015",34.28571,,
"FGP_5T8_F600","Percentage of graduates from Information and Communication Technologies programmes in tertiary education who are female (%)","MKD","North Macedonia","2017","2017",35.08523,,
"FGP_5T8_F600","Percentage of graduates from Information and Communication Technologies programmes in tertiary education who are female (%)","IRN","Iran (Islamic Republic of)","2016","2016",42.39042,,
"FGP_5T8_F600","Percentage of graduates from Information and Communication Technologies programmes in tertiary education who are female (%)","IRN","Iran (Islamic Republic of)","2017","2017",39.10959,,
"FGP_5T8_F600","Percentage of graduates from Information and Communication Technologies programmes in tertiary education who are female (%)","COL","Colombia","2014","2014",31.06861,,
"FGP_5T8_F600","Percentage of graduates from Information and Communication Technologies programmes in tertiary education who are female (%)","COL","Colombia","2015","2015",27.90593,,
"FGP_5T8_F600","Percentage of graduates from Information and Communication Technologies programmes in tertiary education who are female (%)","COL","Colombia","2016","2016",26.98994,,
"FGP_5T8_F600","Percentage of graduates from Information and Communication Technologies programmes in tertiary education who are female (%)","COL","Colombia","2017","2017",25.0628,,
"FGP_5T8_F600","Percentage of graduates from Information and Communication Technologies programmes in tertiary education who are female (%)","COL","Colombia","2018","2018",23.30682,,
"FGP_5T8_F600","Percentage of graduates from Information and Communication Technologies programmes in tertiary education who are female (%)","GEO","Georgia","2016","2016",26.84211,,
"FGP_5T8_F600","Percentage of graduates from Information and Communication Technologies programmes in tertiary education who are female (%)","GEO","Georgia","2017","2017",24.50408,,
"FGP_5T8_F600","Percentage of graduates from Information and Communication Technologies programmes in tertiary education who are female (%)","GEO","Georgia","2018","2018",23.64706,,
"FGP_5T8_F600","Percentage of graduates from Information and Communication Technologies programmes in tertiary education who are female (%)","GEO","Georgia","2019","2019",20.57541,,
"FGP_5T8_F600","Percentage of graduates from Information and Communication Technologies programmes in tertiary education who are female (%)","SVN","Slovenia","2013","2013",11.95191,,
"FGP_5T8_F600","Percentage of graduates from Information and Communication Technologies programmes in tertiary education who are female (%)","SVN","Slovenia","2014","2014",14.48809,,
"FGP_5T8_F600","Percentage of graduates from Information and Communication Technologies programmes in tertiary education who are female (%)","SVN","Slovenia","2015","2015",16.84699,,
"FGP_5T8_F600","Percentage of graduates from Information and Communication Technologies programmes in tertiary education who are female (%)","SVN","Slovenia","2017","2017",14.08451,,
"FGP_5T8_F600","Percentage of graduates from Information and Communication Technologies programmes in tertiary education who are female (%)","SAU","Saudi Arabia","2015","2015",40.22045,,
"FGP_5T8_F600","Percentage of graduates from Information and Communication Technologies programmes in tertiary education who are female (%)","SAU","Saudi Arabia","2016","2016",43.61184,,
"FGP_5T8_F600","Percentage of graduates from Information and Communication Technologies programmes in tertiary education who are female (%)","SAU","Saudi Arabia","2017","2017",46.2944,,
"FGP_5T8_F600","Percentage of graduates from Information and Communication Technologies programmes in tertiary education who are female (%)","SAU","Saudi Arabia","2018","2018",46.01715,,
"FGP_5T8_F600","Percentage of graduates from Information and Communication Technologies programmes in tertiary education who are female (%)","BMU","Bermuda","2015","2015",28.57143,,
"FGP_5T8_F600","Percentage of graduates from Information and Communication Technologies programmes in tertiary education who are female (%)","BMU","Bermuda","2017","2017",9.09091,,
"FGP_5T8_F600","Percentage of graduates from Information and Communication Technologies programmes in tertiary education who are female (%)","BMU","Bermuda","2018","2018",33.33333,,
"FGP_5T8_F600","Percentage of graduates from Information and Communication Technologies programmes in tertiary education who are female (%)","PRI","Puerto Rico","2014","2014",21.13164,,
"FGP_5T8_F600","Percentage of graduates from Information and Communication Technologies programmes in tertiary education who are female (%)","PRI","Puerto Rico","2015","2015",18.93975,,
"FGP_5T8_F600","Percentage of graduates from Information and Communication Technologies programmes in tertiary education who are female (%)","PRI","Puerto Rico","2016","2016",18.59813,,
"FGP_5T8_F600","Percentage of graduates from Information and Communication Technologies programmes in tertiary education who are female (%)","LSO","Lesotho","2015","2015",23.35766,,
"FGP_5T8_F600","Percentage of graduates from Information and Communication Technologies programmes in tertiary education who are female (%)","LSO","Lesotho","2018","2018",31.25,,
"FGP_5T8_F600","Percentage of graduates from Information and Communication Technologies programmes in tertiary education who are female (%)","MDG","Madagascar","2014","2014",29.37189,,
"FGP_5T8_F600","Percentage of graduates from Information and Communication Technologies programmes in tertiary education who are female (%)","MDG","Madagascar","2015","2015",29.86887,,
"FGP_5T8_F600","Percentage of graduates from Information and Communication Technologies programmes in tertiary education who are female (%)","MDG","Madagascar","2016","2016",23.41932,,
"FGP_5T8_F600","Percentage of graduates from Information and Communication Technologies programmes in tertiary education who are female (%)","MDG","Madagascar","2017","2017",27.82755,,
"FGP_5T8_F600","Percentage of graduates from Information and Communication Technologies programmes in tertiary education who are female (%)","MDG","Madagascar","2018","2018",33.63636,,
"FGP_5T8_F600","Percentage of graduates from Information and Communication Technologies programmes in tertiary education who are female (%)","HUN","Hungary","2013","2013",17.08333,,
"FGP_5T8_F600","Percentage of graduates from Information and Communication Technologies programmes in tertiary education who are female (%)","HUN","Hungary","2014","2014",17.76375,,
"FGP_5T8_F600","Percentage of graduates from Information and Communication Technologies programmes in tertiary education who are female (%)","HUN","Hungary","2015","2015",23.33333,,
"FGP_5T8_F600","Percentage of graduates from Information and Communication Technologies programmes in tertiary education who are female (%)","HUN","Hungary","2016","2016",18.81793,,
"FGP_5T8_F600","Percentage of graduates from Information and Communication Technologies programmes in tertiary education who are female (%)","HUN","Hungary","2017","2017",16.70346,,
"FGP_5T8_F600","Percentage of graduates from Information and Communication Technologies programmes in tertiary education who are female (%)","NZL","New Zealand","2013","2013",20.17131,,
"FGP_5T8_F600","Percentage of graduates from Information and Communication Technologies programmes in tertiary education who are female (%)","NZL","New Zealand","2014","2014",21.39306,,
"FGP_5T8_F600","Percentage of graduates from Information and Communication Technologies programmes in tertiary education who are female (%)","NZL","New Zealand","2015","2015",22.51428,,
"FGP_5T8_F600","Percentage of graduates from Information and Communication Technologies programmes in tertiary education who are female (%)","NZL","New Zealand","2016","2016",24.38287,,
"FGP_5T8_F600","Percentage of graduates from Information and Communication Technologies programmes in tertiary education who are female (%)","NZL","New Zealand","2017","2017",23.10945,,
"FGP_5T8_F600","Percentage of graduates from Information and Communication Technologies programmes in tertiary education who are female (%)","FRA","France","2013","2013",17.93629,,
"FGP_5T8_F600","Percentage of graduates from Information and Communication Technologies programmes in tertiary education who are female (%)","FRA","France","2014","2014",16.69439,,
"FGP_5T8_F600","Percentage of graduates from Information and Communication Technologies programmes in tertiary education who are female (%)","FRA","France","2015","2015",16.72171,,
"FGP_5T8_F600","Percentage of graduates from Information and Communication Technologies programmes in tertiary education who are female (%)","FRA","France","2016","2016",16.45824,,
"FGP_5T8_F600","Percentage of graduates from Information and Communication Technologies programmes in tertiary education who are female (%)","BIH","Bosnia and Herzegovina","2015","2015",27.68,,
"FGP_5T8_F600","Percentage of graduates from Information and Communication Technologies programmes in tertiary education who are female (%)","BIH","Bosnia and Herzegovina","2016","2016",18.05556,,
"FGP_5T8_F600","Percentage of graduates from Information and Communication Technologies programmes in tertiary education who are female (%)","BIH","Bosnia and Herzegovina","2017","2017",27.04225,,
"FGP_5T8_F600","Percentage of graduates from Information and Communication Technologies programmes in tertiary education who are female (%)","BIH","Bosnia and Herzegovina","2018","2018",28.17824,,
"FGP_5T8_F600","Percentage of graduates from Information and Communication Technologies programmes in tertiary education who are female (%)","PHL","Philippines","2017","2017",48.12816,,
"FGP_5T8_F600","Percentage of graduates from Information and Communication Technologies programmes in tertiary education who are female (%)","TUR","Turkey","2014","2014",34.46043,,
"FGP_5T8_F600","Percentage of graduates from Information and Communication Technologies programmes in tertiary education who are female (%)","HRV","Croatia","2014","2014",19.86063,,
"FGP_5T8_F600","Percentage of graduates from Information and Communication Technologies programmes in tertiary education who are female (%)","HRV","Croatia","2015","2015",18.33674,,
"FGP_5T8_F600","Percentage of graduates from Information and Communication Technologies programmes in tertiary education who are female (%)","HRV","Croatia","2016","2016",21.25935,,
"FGP_5T8_F600","Percentage of graduates from Information and Communication Technologies programmes in tertiary education who are female (%)","HRV","Croatia","2017","2017",21.00213,,
"FGP_5T8_F600","Percentage of graduates from Information and Communication Technologies programmes in tertiary education who are female (%)","SYC","Seychelles","2015","2015",18.75,,
"FGP_5T8_F600","Percentage of graduates from Information and Communication Technologies programmes in tertiary education who are female (%)","SYC","Seychelles","2016","2016",42.42424,,
"FGP_5T8_F600","Percentage of graduates from Information and Communication Technologies programmes in tertiary education who are female (%)","SYC","Seychelles","2017","2017",33.33333,,
"FGP_5T8_F600","Percentage of graduates from Information and Communication Technologies programmes in tertiary education who are female (%)","SYC","Seychelles","2018","2018",21.42857,,
"FGP_5T8_F600","Percentage of graduates from Information and Communication Technologies programmes in tertiary education who are female (%)","ITA","Italy","2013","2013",16.66667,,
"FGP_5T8_F600","Percentage of graduates from Information and Communication Technologies programmes in tertiary education who are female (%)","ITA","Italy","2014","2014",16.26418,,
"FGP_5T8_F600","Percentage of graduates from Information and Communication Technologies programmes in tertiary education who are female (%)","ITA","Italy","2015","2015",19.59654,,
"FGP_5T8_F600","Percentage of graduates from Information and Communication Technologies programmes in tertiary education who are female (%)","ITA","Italy","2016","2016",16.12051,,
"FGP_5T8_F600","Percentage of graduates from Information and Communication Technologies programmes in tertiary education who are female (%)","ROU","Romania","2013","2013",30.07129,,
"FGP_5T8_F600","Percentage of graduates from Information and Communication Technologies programmes in tertiary education who are female (%)","ROU","Romania","2014","2014",33.05842,,
"FGP_5T8_F600","Percentage of graduates from Information and Communication Technologies programmes in tertiary education who are female (%)","ROU","Romania","2015","2015",32.70792,,
"FGP_5T8_F600","Percentage of graduates from Information and Communication Technologies programmes in tertiary education who are female (%)","ROU","Romania","2016","2016",33.19426,,
"FGP_5T8_F600","Percentage of graduates from Information and Communication Technologies programmes in tertiary education who are female (%)","CHL","Chile","2013","2013",42.91498,,
"FGP_5T8_F600","Percentage of graduates from Information and Communication Technologies programmes in tertiary education who are female (%)","CHL","Chile","2014","2014",11.66367,,
"FGP_5T8_F600","Percentage of graduates from Information and Communication Technologies programmes in tertiary education who are female (%)","CHL","Chile","2015","2015",12.54434,,
"FGP_5T8_F600","Percentage of graduates from Information and Communication Technologies programmes in tertiary education who are female (%)","CHL","Chile","2016","2016",12.944,,
"FGP_5T8_F600","Percentage of graduates from Information and Communication Technologies programmes in tertiary education who are female (%)","CHL","Chile","2017","2017",12.74434,,
"FGP_5T8_F600","Percentage of graduates from Information and Communication Technologies programmes in tertiary education who are female (%)","PRT","Portugal","2013","2013",24.70149,,
"FGP_5T8_F600","Percentage of graduates from Information and Communication Technologies programmes in tertiary education who are female (%)","PRT","Portugal","2014","2014",25,,
"FGP_5T8_F600","Percentage of graduates from Information and Communication Technologies programmes in tertiary education who are female (%)","PRT","Portugal","2015","2015",20.99768,,
"FGP_5T8_F600","Percentage of graduates from Information and Communication Technologies programmes in tertiary education who are female (%)","PRT","Portugal","2016","2016",23.45391,,
"FGP_5T8_F600","Percentage of graduates from Information and Communication Technologies programmes in tertiary education who are female (%)","PRT","Portugal","2017","2017",17.44422,,
"FGP_5T8_F600","Percentage of graduates from Information and Communication Technologies programmes in tertiary education who are female (%)","PSE","Palestine","2015","2015",49.19691,,
"FGP_5T8_F600","Percentage of graduates from Information and Communication Technologies programmes in tertiary education who are female (%)","PSE","Palestine","2016","2016",49.95206,,
"FGP_5T8_F600","Percentage of graduates from Information and Communication Technologies programmes in tertiary education who are female (%)","PSE","Palestine","2017","2017",48.29083,,
"FGP_5T8_F600","Percentage of graduates from Information and Communication Technologies programmes in tertiary education who are female (%)","PSE","Palestine","2018","2018",45.60738,,
"FGP_5T8_F600","Percentage of graduates from Information and Communication Technologies programmes in tertiary education who are female (%)","MAR","Morocco","2015","2015",40.24707,,
"FGP_5T8_F600","Percentage of graduates from Information and Communication Technologies programmes in tertiary education who are female (%)","MAR","Morocco","2016","2016",45.01276,,
"FGP_5T8_F600","Percentage of graduates from Information and Communication Technologies programmes in tertiary education who are female (%)","MAR","Morocco","2017","2017",41.28349,,
"FGP_5T8_F600","Percentage of graduates from Information and Communication Technologies programmes in tertiary education who are female (%)","GBR","United Kingdom of Great Britain and Northern Ireland","2013","2013",19.24576,,
"FGP_5T8_F600","Percentage of graduates from Information and Communication Technologies programmes in tertiary education who are female (%)","GBR","United Kingdom of Great Britain and Northern Ireland","2014","2014",18.80898,,
"FGP_5T8_F600","Percentage of graduates from Information and Communication Technologies programmes in tertiary education who are female (%)","GBR","United Kingdom of Great Britain and Northern Ireland","2015","2015",19.27337,,
"FGP_5T8_F600","Percentage of graduates from Information and Communication Technologies programmes in tertiary education who are female (%)","GBR","United Kingdom of Great Britain and Northern Ireland","2016","2016",19.38466,,
"FGP_5T8_F600","Percentage of graduates from Information and Communication Technologies programmes in tertiary education who are female (%)","LVA","Latvia","2013","2013",23.20513,,
"FGP_5T8_F600","Percentage of graduates from Information and Communication Technologies programmes in tertiary education who are female (%)","LVA","Latvia","2014","2014",22.27074,,
"FGP_5T8_F600","Percentage of graduates from Information and Communication Technologies programmes in tertiary education who are female (%)","LVA","Latvia","2015","2015",20.6117,,
"FGP_5T8_F600","Percentage of graduates from Information and Communication Technologies programmes in tertiary education who are female (%)","LVA","Latvia","2016","2016",23.68421,,
"FGP_5T8_F600","Percentage of graduates from Information and Communication Technologies programmes in tertiary education who are female (%)","LVA","Latvia","2017","2017",22.68326,,
"FGP_5T8_F600","Percentage of graduates from Information and Communication Technologies programmes in tertiary education who are female (%)","BEL","Belgium","2013","2013",6.79766,,
"FGP_5T8_F600","Percentage of graduates from Information and Communication Technologies programmes in tertiary education who are female (%)","BEL","Belgium","2014","2014",7.34463,,
"FGP_5T8_F600","Percentage of graduates from Information and Communication Technologies programmes in tertiary education who are female (%)","BEL","Belgium","2015","2015",7.81123,,
"FGP_5T8_F600","Percentage of graduates from Information and Communication Technologies programmes in tertiary education who are female (%)","BEL","Belgium","2016","2016",5.63075,,
"FGP_5T8_F600","Percentage of graduates from Information and Communication Technologies programmes in tertiary education who are female (%)","BEL","Belgium","2017","2017",9.87884,,
"FGP_5T8_F600","Percentage of graduates from Information and Communication Technologies programmes in tertiary education who are female (%)","DEU","Germany","2015","2015",17.63684,,
"FGP_5T8_F600","Percentage of graduates from Information and Communication Technologies programmes in tertiary education who are female (%)","DEU","Germany","2016","2016",18.14132,,
"FGP_5T8_F600","Percentage of graduates from Information and Communication Technologies programmes in tertiary education who are female (%)","DEU","Germany","2017","2017",19.40818,,
"FGP_5T8_F600","Percentage of graduates from Information and Communication Technologies programmes in tertiary education who are female (%)","LTU","Lithuania","2013","2013",15.87678,,
"FGP_5T8_F600","Percentage of graduates from Information and Communication Technologies programmes in tertiary education who are female (%)","LTU","Lithuania","2014","2014",16.18911,,
"FGP_5T8_F600","Percentage of graduates from Information and Communication Technologies programmes in tertiary education who are female (%)","LTU","Lithuania","2015","2015",13.79898,,
"FGP_5T8_F600","Percentage of graduates from Information and Communication Technologies programmes in tertiary education who are female (%)","LTU","Lithuania","2016","2016",11.64725,,
"FGP_5T8_F600","Percentage of graduates from Information and Communication Technologies programmes in tertiary education who are female (%)","LTU","Lithuania","2017","2017",16.84211,,
"FGP_5T8_F600","Percentage of graduates from Information and Communication Technologies programmes in tertiary education who are female (%)","SWE","Sweden","2013","2013",25.64412,,
"FGP_5T8_F600","Percentage of graduates from Information and Communication Technologies programmes in tertiary education who are female (%)","SWE","Sweden","2015","2015",27.84627,,
"FGP_5T8_F600","Percentage of graduates from Information and Communication Technologies programmes in tertiary education who are female (%)","SWE","Sweden","2016","2016",28.17433,,
"FGP_5T8_F600","Percentage of graduates from Information and Communication Technologies programmes in tertiary education who are female (%)","SWE","Sweden","2017","2017",30.23847,,
"FGP_5T8_F600","Percentage of graduates from Information and Communication Technologies programmes in tertiary education who are female (%)","NIU","Niue","2016","2016",,"a","Category not applicable"
"FGP_5T8_F600","Percentage of graduates from Information and Communication Technologies programmes in tertiary education who are female (%)","NAM","Namibia","2014","2014",46.7128,,
"FGP_5T8_F600","Percentage of graduates from Information and Communication Technologies programmes in tertiary education who are female (%)","NAM","Namibia","2015","2015",39.50617,,
"FGP_5T8_F600","Percentage of graduates from Information and Communication Technologies programmes in tertiary education who are female (%)","NAM","Namibia","2016","2016",42.59681,,
"FGP_5T8_F600","Percentage of graduates from Information and Communication Technologies programmes in tertiary education who are female (%)","NAM","Namibia","2017","2017",38.15514,,
"FGP_5T8_F600","Percentage of graduates from Information and Communication Technologies programmes in tertiary education who are female (%)","ALB","Albania","2015","2015",49.20728,,
"FGP_5T8_F600","Percentage of graduates from Information and Communication Technologies programmes in tertiary education who are female (%)","ALB","Albania","2016","2016",46.77419,,
"FGP_5T8_F600","Percentage of graduates from Information and Communication Technologies programmes in tertiary education who are female (%)","ALB","Albania","2017","2017",46.48218,,
"FGP_5T8_F600","Percentage of graduates from Information and Communication Technologies programmes in tertiary education who are female (%)","ALB","Albania","2018","2018",43.7069,,
"FGP_5T8_F600","Percentage of graduates from Information and Communication Technologies programmes in tertiary education who are female (%)","DNK","Denmark","2013","2013",21.71168,,
"FGP_5T8_F600","Percentage of graduates from Information and Communication Technologies programmes in tertiary education who are female (%)","DNK","Denmark","2014","2014",23.01948,,
"FGP_5T8_F600","Percentage of graduates from Information and Communication Technologies programmes in tertiary education who are female (%)","DNK","Denmark","2015","2015",19.74738,,
"FGP_5T8_F600","Percentage of graduates from Information and Communication Technologies programmes in tertiary education who are female (%)","DNK","Denmark","2016","2016",21.29366,,
"FGP_5T8_F600","Percentage of graduates from Information and Communication Technologies programmes in tertiary education who are female (%)","DNK","Denmark","2017","2017",24.00102,,
"FGP_5T8_F600","Percentage of graduates from Information and Communication Technologies programmes in tertiary education who are female (%)","MCO","Monaco","2016","2016",,"a","Category not applicable"
"FGP_5T8_F600","Percentage of graduates from Information and Communication Technologies programmes in tertiary education who are female (%)","MCO","Monaco","2017","2017",,"a","Category not applicable"
"FGP_5T8_F600","Percentage of graduates from Information and Communication Technologies programmes in tertiary education who are female (%)","MCO","Monaco","2018","2018",,"a","Category not applicable"
"FGP_5T8_F600","Percentage of graduates from Information and Communication Technologies programmes in tertiary education who are female (%)","MCO","Monaco","2019","2019",,"a","Category not applicable"
"FGP_5T8_F600","Percentage of graduates from Information and Communication Technologies programmes in tertiary education who are female (%)","CRI","Costa Rica","2015","2015",24.32214,,
"FGP_5T8_F600","Percentage of graduates from Information and Communication Technologies programmes in tertiary education who are female (%)","CRI","Costa Rica","2016","2016",21.48973,,
"FGP_5T8_F600","Percentage of graduates from Information and Communication Technologies programmes in tertiary education who are female (%)","CRI","Costa Rica","2017","2017",23.29791,,
"FGP_5T8_F600","Percentage of graduates from Information and Communication Technologies programmes in tertiary education who are female (%)","CRI","Costa Rica","2018","2018",20.29041,,
"FGP_5T8_F600","Percentage of graduates from Information and Communication Technologies programmes in tertiary education who are female (%)","ERI","Eritrea","2015","2015",,"n","Magnitude nil or negligible"
"FGP_5T8_F600","Percentage of graduates from Information and Communication Technologies programmes in tertiary education who are female (%)","ERI","Eritrea","2016","2016",,"n","Magnitude nil or negligible"
"FGP_5T8_F600","Percentage of graduates from Information and Communication Technologies programmes in tertiary education who are female (%)","EST","Estonia","2013","2013",23.77622,,
"FGP_5T8_F600","Percentage of graduates from Information and Communication Technologies programmes in tertiary education who are female (%)","EST","Estonia","2014","2014",27.73585,,
"FGP_5T8_F600","Percentage of graduates from Information and Communication Technologies programmes in tertiary education who are female (%)","EST","Estonia","2015","2015",29.84496,,
"FGP_5T8_F600","Percentage of graduates from Information and Communication Technologies programmes in tertiary education who are female (%)","EST","Estonia","2016","2016",26.99387,,
"FGP_5T8_F600","Percentage of graduates from Information and Communication Technologies programmes in tertiary education who are female (%)","EST","Estonia","2017","2017",28.89201,,
"FGP_5T8_F600","Percentage of graduates from Information and Communication Technologies programmes in tertiary education who are female (%)","NOR","Norway","2013","2013",16.85063,,
"FGP_5T8_F600","Percentage of graduates from Information and Communication Technologies programmes in tertiary education who are female (%)","NOR","Norway","2014","2014",15.39877,,
"FGP_5T8_F600","Percentage of graduates from Information and Communication Technologies programmes in tertiary education who are female (%)","NOR","Norway","2015","2015",16.35762,,
"FGP_5T8_F600","Percentage of graduates from Information and Communication Technologies programmes in tertiary education who are female (%)","NOR","Norway","2016","2016",15.96958,,
"FGP_5T8_F600","Percentage of graduates from Information and Communication Technologies programmes in tertiary education who are female (%)","NOR","Norway","2017","2017",15.1608,,
"FGP_5T8_F600","Percentage of graduates from Information and Communication Technologies programmes in tertiary education who are female (%)","CHE","Switzerland","2013","2013",8.24689,,
"FGP_5T8_F600","Percentage of graduates from Information and Communication Technologies programmes in tertiary education who are female (%)","CHE","Switzerland","2014","2014",10.04098,,
"FGP_5T8_F600","Percentage of graduates from Information and Communication Technologies programmes in tertiary education who are female (%)","CHE","Switzerland","2015","2015",11.1871,,
"FGP_5T8_F600","Percentage of graduates from Information and Communication Technologies programmes in tertiary education who are female (%)","CHE","Switzerland","2016","2016",8.86076,,
"FGP_5T8_F600","Percentage of graduates from Information and Communication Technologies programmes in tertiary education who are female (%)","CHE","Switzerland","2017","2017",9.93166,,
"FGP_5T8_F600","Percentage of graduates from Information and Communication Technologies programmes in tertiary education who are female (%)","GTM","Guatemala","2014","2014",27.91165,,
"FGP_5T8_F600","Percentage of graduates from Information and Communication Technologies programmes in tertiary education who are female (%)","GTM","Guatemala","2015","2015",21.07438,,
"FGP_5T8_F600","Percentage of graduates from Information and Communication Technologies programmes in tertiary education who are female (%)","BDI","Burundi","2016","2016",29.08068,,
"FGP_5T8_F600","Percentage of graduates from Information and Communication Technologies programmes in tertiary education who are female (%)","BDI","Burundi","2017","2017",26.55311,,
"FGP_5T8_F600","Percentage of graduates from Information and Communication Technologies programmes in tertiary education who are female (%)","KGZ","Kyrgyzstan","2015","2015",43.25681,,
"FGP_5T8_F600","Percentage of graduates from Information and Communication Technologies programmes in tertiary education who are female (%)","KGZ","Kyrgyzstan","2016","2016",43.21346,,
"FGP_5T8_F600","Percentage of graduates from Information and Communication Technologies programmes in tertiary education who are female (%)","KGZ","Kyrgyzstan","2017","2017",44.95982,,
"FGP_5T8_F600","Percentage of graduates from Information and Communication Technologies programmes in tertiary education who are female (%)","KGZ","Kyrgyzstan","2018","2018",47.42567,,
"FGP_5T8_F600","Percentage of graduates from Information and Communication Technologies programmes in tertiary education who are female (%)","FIN","Finland","2013","2013",23.6892,,
"FGP_5T8_F600","Percentage of graduates from Information and Communication Technologies programmes in tertiary education who are female (%)","FIN","Finland","2014","2014",26.39448,,
"FGP_5T8_F600","Percentage of graduates from Information and Communication Technologies programmes in tertiary education who are female (%)","FIN","Finland","2015","2015",19.31818,,
"FGP_5T8_F600","Percentage of graduates from Information and Communication Technologies programmes in tertiary education who are female (%)","FIN","Finland","2016","2016",20.64174,,
"FGP_5T8_F600","Percentage of graduates from Information and Communication Technologies programmes in tertiary education who are female (%)","FIN","Finland","2017","2017",20.74618,,
"FGP_5T8_F600","Percentage of graduates from Information and Communication Technologies programmes in tertiary education who are female (%)","CUB","Cuba","2016","2016",33.19744,,
"FGP_5T8_F600","Percentage of graduates from Information and Communication Technologies programmes in tertiary education who are female (%)","MNG","Mongolia","2016","2016",,"a","Category not applicable"
"FGP_5T8_F600","Percentage of graduates from Information and Communication Technologies programmes in tertiary education who are female (%)","MNG","Mongolia","2017","2017",30.94233,,
"FGP_5T8_F600","Percentage of graduates from Information and Communication Technologies programmes in tertiary education who are female (%)","MNG","Mongolia","2018","2018",37.68421,,
"FGP_5T8_F600","Percentage of graduates from Information and Communication Technologies programmes in tertiary education who are female (%)","AUS","Australia","2013","2013",19.35603,,
"FGP_5T8_F600","Percentage of graduates from Information and Communication Technologies programmes in tertiary education who are female (%)","AUS","Australia","2014","2014",19.07006,,
"FGP_5T8_F600","Percentage of graduates from Information and Communication Technologies programmes in tertiary education who are female (%)","AUS","Australia","2015","2015",19.14908,,
"FGP_5T8_F600","Percentage of graduates from Information and Communication Technologies programmes in tertiary education who are female (%)","AUS","Australia","2017","2017",21.75496,,
"FGP_5T8_F600","Percentage of graduates from Information and Communication Technologies programmes in tertiary education who are female (%)","UZB","Uzbekistan","2018","2018",17.83377,,
"FGP_5T8_F600","Percentage of graduates from Information and Communication Technologies programmes in tertiary education who are female (%)","AND","Andorra","2015","2015",,"a","Category not applicable"
"FGP_5T8_F600","Percentage of graduates from Information and Communication Technologies programmes in tertiary education who are female (%)","AND","Andorra","2016","2016",100,,
"FGP_5T8_F600","Percentage of graduates from Information and Communication Technologies programmes in tertiary education who are female (%)","AND","Andorra","2017","2017",100,,
"FGP_5T8_F600","Percentage of graduates from Information and Communication Technologies programmes in tertiary education who are female (%)","AND","Andorra","2018","2018",,"n","Magnitude nil or negligible"
"FGP_5T8_F600","Percentage of graduates from Information and Communication Technologies programmes in tertiary education who are female (%)","ABW","Aruba","2015","2015",,"a","Category not applicable"
"FGP_5T8_F600","Percentage of graduates from Information and Communication Technologies programmes in tertiary education who are female (%)","ABW","Aruba","2016","2016",,"a","Category not applicable"
"FGP_5T8_F600","Percentage of graduates from Information and Communication Technologies programmes in tertiary education who are female (%)","MEX","Mexico","2013","2013",39.29053,,
"FGP_5T8_F600","Percentage of graduates from Information and Communication Technologies programmes in tertiary education who are female (%)","MEX","Mexico","2014","2014",37.43118,,
"FGP_5T8_F600","Percentage of graduates from Information and Communication Technologies programmes in tertiary education who are female (%)","MEX","Mexico","2015","2015",35.45763,,
"FGP_5T8_F600","Percentage of graduates from Information and Communication Technologies programmes in tertiary education who are female (%)","MEX","Mexico","2016","2016",32.17901,,
"FGP_5T8_F600","Percentage of graduates from Information and Communication Technologies programmes in tertiary education who are female (%)","MEX","Mexico","2017","2017",28.43665,,
"FGP_5T8_F600","Percentage of graduates from Information and Communication Technologies programmes in tertiary education who are female (%)","BLR","Belarus","2015","2015",24.20359,,
"FGP_5T8_F600","Percentage of graduates from Information and Communication Technologies programmes in tertiary education who are female (%)","BLR","Belarus","2016","2016",22.20681,,
"FGP_5T8_F600","Percentage of graduates from Information and Communication Technologies programmes in tertiary education who are female (%)","BLR","Belarus","2017","2017",23.92789,,
"FGP_5T8_F600","Percentage of graduates from Information and Communication Technologies programmes in tertiary education who are female (%)","BLR","Belarus","2018","2018",23.03968,,
"FGP_5T8_F600","Percentage of graduates from Information and Communication Technologies programmes in tertiary education who are female (%)","SVK","Slovakia","2013","2013",12.43154,,
"FGP_5T8_F600","Percentage of graduates from Information and Communication Technologies programmes in tertiary education who are female (%)","SVK","Slovakia","2014","2014",15.33711,,
"FGP_5T8_F600","Percentage of graduates from Information and Communication Technologies programmes in tertiary education who are female (%)","SVK","Slovakia","2015","2015",12.38584,,
"FGP_5T8_F600","Percentage of graduates from Information and Communication Technologies programmes in tertiary education who are female (%)","SVK","Slovakia","2017","2017",12.18214,,
"FGP_5T8_F600","Percentage of graduates from Information and Communication Technologies programmes in tertiary education who are female (%)","LKA","Sri Lanka","2015","2015",43.2338,,
"FGP_5T8_F600","Percentage of graduates from Information and Communication Technologies programmes in tertiary education who are female (%)","LKA","Sri Lanka","2016","2016",44.97979,,
"FGP_5T8_F600","Percentage of graduates from Information and Communication Technologies programmes in tertiary education who are female (%)","LKA","Sri Lanka","2017","2017",38.89691,,
"FGP_5T8_F600","Percentage of graduates from Information and Communication Technologies programmes in tertiary education who are female (%)","LKA","Sri Lanka","2018","2018",37.64299,,
"FGP_5T8_F600","Percentage of graduates from Information and Communication Technologies programmes in tertiary education who are female (%)","BRN","Brunei Darussalam","2015","2015",44.01806,,
"FGP_5T8_F600","Percentage of graduates from Information and Communication Technologies programmes in tertiary education who are female (%)","BRN","Brunei Darussalam","2016","2016",45.79208,,
"FGP_5T8_F600","Percentage of graduates from Information and Communication Technologies programmes in tertiary education who are female (%)","BRN","Brunei Darussalam","2018","2018",41.86047,,
"FGP_5T8_F600","Percentage of graduates from Information and Communication Technologies programmes in tertiary education who are female (%)","USA","United States of America","2013","2013",20.93191,,
"FGP_5T8_F600","Percentage of graduates from Information and Communication Technologies programmes in tertiary education who are female (%)","USA","United States of America","2014","2014",21.00502,,
"FGP_5T8_F600","Percentage of graduates from Information and Communication Technologies programmes in tertiary education who are female (%)","USA","United States of America","2015","2015",22.86417,,
"FGP_5T8_F600","Percentage of graduates from Information and Communication Technologies programmes in tertiary education who are female (%)","USA","United States of America","2016","2016",23.60926,,
"FGP_5T8_F600","Percentage of graduates from Information and Communication Technologies programmes in tertiary education who are female (%)","MAC","China, Macao Special Administrative Region","2015","2015",11.96172,,
"FGP_5T8_F600","Percentage of graduates from Information and Communication Technologies programmes in tertiary education who are female (%)","MAC","China, Macao Special Administrative Region","2016","2016",16.26794,,
"FGP_5T8_F600","Percentage of graduates from Information and Communication Technologies programmes in tertiary education who are female (%)","MAC","China, Macao Special Administrative Region","2017","2017",19.12351,,
"FGP_5T8_F600","Percentage of graduates from Information and Communication Technologies programmes in tertiary education who are female (%)","MAC","China, Macao Special Administrative Region","2018","2018",22.74368,,
"FGP_5T8_F600","Percentage of graduates from Information and Communication Technologies programmes in tertiary education who are female (%)","QAT","Qatar","2016","2016",46.5812,,
"FGP_5T8_F600","Percentage of graduates from Information and Communication Technologies programmes in tertiary education who are female (%)","QAT","Qatar","2017","2017",37.62058,,
"FGP_5T8_F600","Percentage of graduates from Information and Communication Technologies programmes in tertiary education who are female (%)","QAT","Qatar","2018","2018",53.38078,,
"FGP_5T8_F600","Percentage of graduates from Information and Communication Technologies programmes in tertiary education who are female (%)","CAN","Canada","2013","2013",17.30132,"+","National Estimation"
"FGP_5T8_F600","Percentage of graduates from Information and Communication Technologies programmes in tertiary education who are female (%)","CAN","Canada","2014","2014",29.61472,"+","National Estimation"
"FGP_5T8_F600","Percentage of graduates from Information and Communication Technologies programmes in tertiary education who are female (%)","CAN","Canada","2015","2015",29.62573,"+","National Estimation"
"FGP_5T8_F600","Percentage of graduates from Information and Communication Technologies programmes in tertiary education who are female (%)","CAN","Canada","2016","2016",29.96837,"+","National Estimation"
"FGP_5T8_F600","Percentage of graduates from Information and Communication Technologies programmes in tertiary education who are female (%)","SLV","El Salvador","2015","2015",30.4878,,
"FGP_5T8_F600","Percentage of graduates from Information and Communication Technologies programmes in tertiary education who are female (%)","SLV","El Salvador","2016","2016",27.96646,,
"FGP_5T8_F600","Percentage of graduates from Information and Communication Technologies programmes in tertiary education who are female (%)","SLV","El Salvador","2017","2017",25.98253,,
"FGP_5T8_F600","Percentage of graduates from Information and Communication Technologies programmes in tertiary education who are female (%)","SLV","El Salvador","2018","2018",26.15804,,
"FGP_5T8_F600","Percentage of graduates from Information and Communication Technologies programmes in tertiary education who are female (%)","DZA","Algeria","2015","2015",51.76786,,
"FGP_5T8_F600","Percentage of graduates from Information and Communication Technologies programmes in tertiary education who are female (%)","DZA","Algeria","2016","2016",54.27659,,
"FGP_5T8_F600","Percentage of graduates from Information and Communication Technologies programmes in tertiary education who are female (%)","DZA","Algeria","2018","2018",48.93372,,
"FGP_5T8_F600","Percentage of graduates from Information and Communication Technologies programmes in tertiary education who are female (%)","ARE","United Arab Emirates","2015","2015",50.55762,,
"FGP_5T8_F600","Percentage of graduates from Information and Communication Technologies programmes in tertiary education who are female (%)","ARE","United Arab Emirates","2016","2016",57.7823,,
"FGP_5T8_F600","Percentage of graduates from Information and Communication Technologies programmes in tertiary education who are female (%)","ARE","United Arab Emirates","2017","2017",55.39084,,
"FGP_5T8_F600","Percentage of graduates from Information and Communication Technologies programmes in tertiary education who are female (%)","ECU","Ecuador","2014","2014",35.40934,,
"FGP_5T8_F600","Percentage of graduates from Information and Communication Technologies programmes in tertiary education who are female (%)","ECU","Ecuador","2015","2015",36.80791,,
"FGP_5T8_F600","Percentage of graduates from Information and Communication Technologies programmes in tertiary education who are female (%)","ECU","Ecuador","2016","2016",36.81658,,
"FGP_5T8_F600","Percentage of graduates from Information and Communication Technologies programmes in tertiary education who are female (%)","AGO","Angola","2015","2015",37.95987,,
"FGP_5T8_F600","Percentage of graduates from Information and Communication Technologies programmes in tertiary education who are female (%)","MDV","Maldives","2017","2017",9.67742,,
"FGP_5T8_F600","Percentage of graduates from Information and Communication Technologies programmes in tertiary education who are female (%)","LUX","Luxembourg","2013","2013",14.70588,,
"FGP_5T8_F600","Percentage of graduates from Information and Communication Technologies programmes in tertiary education who are female (%)","LUX","Luxembourg","2014","2014",10.44776,,
"FGP_5T8_F600","Percentage of graduates from Information and Communication Technologies programmes in tertiary education who are female (%)","LUX","Luxembourg","2015","2015",10.41667,,
"FGP_5T8_F600","Percentage of graduates from Information and Communication Technologies programmes in tertiary education who are female (%)","LUX","Luxembourg","2016","2016",19.58763,,
"FGP_5T8_F600","Percentage of graduates from Information and Communication Technologies programmes in tertiary education who are female (%)","MMR","Myanmar","2018","2018",67.34817,,
"FGP_5T8_F600","Percentage of graduates from Information and Communication Technologies programmes in tertiary education who are female (%)","MDA","Republic of Moldova","2014","2014",37.70764,,
"FGP_5T8_F600","Percentage of graduates from Information and Communication Technologies programmes in tertiary education who are female (%)","MDA","Republic of Moldova","2015","2015",30.13183,,
"FGP_5T8_F600","Percentage of graduates from Information and Communication Technologies programmes in tertiary education who are female (%)","MDA","Republic of Moldova","2018","2018",22.9284,,
"FGP_5T8_F600","Percentage of graduates from Information and Communication Technologies programmes in tertiary education who are female (%)","BGD","Bangladesh","2016","2016",27.76188,,
"FGP_5T8_F600","Percentage of graduates from Information and Communication Technologies programmes in tertiary education who are female (%)","BGD","Bangladesh","2017","2017",27.76188,,
"FGP_5T8_F600","Percentage of graduates from Information and Communication Technologies programmes in tertiary education who are female (%)","BGD","Bangladesh","2018","2018",27.25023,,
"FGP_5T8_F600","Percentage of graduates from Information and Communication Technologies programmes in tertiary education who are female (%)","BFA","Burkina Faso","2014","2014",,"n","Magnitude nil or negligible"
"FGP_5T8_F600","Percentage of graduates from Information and Communication Technologies programmes in tertiary education who are female (%)","BFA","Burkina Faso","2015","2015",29.54545,,
"FGP_5T8_F600","Percentage of graduates from Information and Communication Technologies programmes in tertiary education who are female (%)","BFA","Burkina Faso","2016","2016",28.57143,,
"FGP_5T8_F600","Percentage of graduates from Information and Communication Technologies programmes in tertiary education who are female (%)","BFA","Burkina Faso","2017","2017",,"a","Category not applicable"
"FGP_5T8_F600","Percentage of graduates from Information and Communication Technologies programmes in tertiary education who are female (%)","BFA","Burkina Faso","2018","2018",,"a","Category not applicable"
"FGP_5T8_F600","Percentage of graduates from Information and Communication Technologies programmes in tertiary education who are female (%)","NPL","Nepal","2018","2018",,"a","Category not applicable"
"FGP_5T8_F600","Percentage of graduates from Information and Communication Technologies programmes in tertiary education who are female (%)","URY","Uruguay","2017","2017",17.65799,,
"FGP_5T8_F600","Percentage of graduates from Information and Communication Technologies programmes in tertiary education who are female (%)","SYR","Syrian Arab Republic","2016","2016",57.31293,,
"FGP_5T8_F600","Percentage of graduates from Information and Communication Technologies programmes in tertiary education who are female (%)","KAZ","Kazakhstan","2016","2016",38.02328,,
"FGP_5T8_F600","Percentage of graduates from Information and Communication Technologies programmes in tertiary education who are female (%)","KAZ","Kazakhstan","2017","2017",39.40185,,
"FGP_5T8_F600","Percentage of graduates from Information and Communication Technologies programmes in tertiary education who are female (%)","KAZ","Kazakhstan","2018","2018",34.46906,,
"FGP_5T8_F600","Percentage of graduates from Information and Communication Technologies programmes in tertiary education who are female (%)","KAZ","Kazakhstan","2019","2019",30.39628,,
"FGP_5T8_F600","Percentage of graduates from Information and Communication Technologies programmes in tertiary education who are female (%)","ZWE","Zimbabwe","2015","2015",46.11547,,
"FGP_5T8_F600","Percentage of graduates from Information and Communication Technologies programmes in tertiary education who are female (%)","ARM","Armenia","2015","2015",25.14045,,
"FGP_5T8_F600","Percentage of graduates from Information and Communication Technologies programmes in tertiary education who are female (%)","ARM","Armenia","2016","2016",28.97436,,
"FGP_5T8_F600","Percentage of graduates from Information and Communication Technologies programmes in tertiary education who are female (%)","ARM","Armenia","2017","2017",30.58824,,
"FGP_5T8_F600","Percentage of graduates from Information and Communication Technologies programmes in tertiary education who are female (%)","ARM","Armenia","2018","2018",38.47167,,
"FGP_5T8_F600","Percentage of graduates from Information and Communication Technologies programmes in tertiary education who are female (%)","BHR","Bahrain","2015","2015",48.88889,,
"FGP_5T8_F600","Percentage of graduates from Information and Communication Technologies programmes in tertiary education who are female (%)","BHR","Bahrain","2016","2016",50.6812,,
"FGP_5T8_F600","Percentage of graduates from Information and Communication Technologies programmes in tertiary education who are female (%)","BHR","Bahrain","2017","2017",47.76119,,
"FGP_5T8_F600","Percentage of graduates from Information and Communication Technologies programmes in tertiary education who are female (%)","BHR","Bahrain","2018","2018",47.13805,,
"FGP_5T8_F600","Percentage of graduates from Information and Communication Technologies programmes in tertiary education who are female (%)","OMN","Oman","2015","2015",66.28099,,
"FGP_5T8_F600","Percentage of graduates from Information and Communication Technologies programmes in tertiary education who are female (%)","OMN","Oman","2016","2016",73.56215,,
"FGP_5T8_F600","Percentage of graduates from Information and Communication Technologies programmes in tertiary education who are female (%)","OMN","Oman","2017","2017",79.23602,,
"FGP_5T8_F600","Percentage of graduates from Information and Communication Technologies programmes in tertiary education who are female (%)","OMN","Oman","2018","2018",75.56252,,
"FGP_5T8_F600","Percentage of graduates from Information and Communication Technologies programmes in tertiary education who are female (%)","DOM","Dominican Republic","2015","2015",38.90977,,
"FGP_5T8_F600","Percentage of graduates from Information and Communication Technologies programmes in tertiary education who are female (%)","DOM","Dominican Republic","2016","2016",25.78261,,
"FGP_5T8_F600","Percentage of graduates from Information and Communication Technologies programmes in tertiary education who are female (%)","DOM","Dominican Republic","2017","2017",39.41309,,
"FGP_5T8_F600","Percentage of graduates from Information and Communication Technologies programmes in tertiary education who are female (%)","NER","Niger","2015","2015",47.45763,,
"FGP_5T8_F600","Percentage of graduates from Information and Communication Technologies programmes in tertiary education who are female (%)","NER","Niger","2016","2016",31.69399,,
"FGP_5T8_F600","Percentage of graduates from Information and Communication Technologies programmes in tertiary education who are female (%)","NER","Niger","2017","2017",41.84028,,
"FGP_5T8_F600","Percentage of graduates from Information and Communication Technologies programmes in tertiary education who are female (%)","NER","Niger","2018","2018",22.79793,,
"FGP_5T8_F600","Percentage of graduates from Information and Communication Technologies programmes in tertiary education who are female (%)","KEN","Kenya","2016","2016",30.10329,,
"FGP_5T8_F600","Percentage of graduates from Information and Communication Technologies programmes in tertiary education who are female (%)","GHA","Ghana","2015","2015",2.60557,,
"FGP_5T8_F600","Percentage of graduates from Information and Communication Technologies programmes in tertiary education who are female (%)","GHA","Ghana","2016","2016",15.40984,,
"FGP_5T8_F600","Percentage of graduates from Information and Communication Technologies programmes in tertiary education who are female (%)","GHA","Ghana","2017","2017",11.02362,,
"FGP_5T8_F600","Percentage of graduates from Information and Communication Technologies programmes in tertiary education who are female (%)","GHA","Ghana","2018","2018",19.86793,,
"FGP_5T8_F600","Percentage of graduates from Information and Communication Technologies programmes in tertiary education who are female (%)","UKR","Ukraine","2015","2015",20.77291,,
"FGP_5T8_F600","Percentage of graduates from Information and Communication Technologies programmes in tertiary education who are female (%)","UKR","Ukraine","2016","2016",19.96523,,
"FGP_5T8_F600","Percentage of graduates from Information and Communication Technologies programmes in tertiary education who are female (%)","UKR","Ukraine","2017","2017",19.31067,,
"FGP_5T8_F600","Percentage of graduates from Information and Communication Technologies programmes in tertiary education who are female (%)","UKR","Ukraine","2018","2018",17.46342,,
"FGP_5T8_F600","Percentage of graduates from Information and Communication Technologies programmes in tertiary education who are female (%)","PAN","Panama","2014","2014",46.89655,,
"FGP_5T8_F600","Percentage of graduates from Information and Communication Technologies programmes in tertiary education who are female (%)","PAN","Panama","2015","2015",55.9719,,
"FGP_5T8_F600","Percentage of graduates from Information and Communication Technologies programmes in tertiary education who are female (%)","PAN","Panama","2016","2016",43.90582,,
"FGP_5T8_F600","Percentage of graduates from Information and Communication Technologies programmes in tertiary education who are female (%)","VNM","Viet Nam","2015","2015",48.22154,,
"FGP_5T8_F600","Percentage of graduates from Information and Communication Technologies programmes in tertiary education who are female (%)","VNM","Viet Nam","2016","2016",26.43116,,
"FGP_5T8_F600","Percentage of graduates from Information and Communication Technologies programmes in tertiary education who are female (%)","GRC","Greece","2013","2013",36.00741,,
"FGP_5T8_F600","Percentage of graduates from Information and Communication Technologies programmes in tertiary education who are female (%)","GRC","Greece","2014","2014",35.37415,,
"FGP_5T8_F600","Percentage of graduates from Information and Communication Technologies programmes in tertiary education who are female (%)","GRC","Greece","2016","2016",38.76074,,
"FGP_5T8_F600","Percentage of graduates from Information and Communication Technologies programmes in tertiary education who are female (%)","GRC","Greece","2017","2017",35.68569,,
"FGP_5T8_F600","Percentage of graduates from Information and Communication Technologies programmes in tertiary education who are female (%)","TUN","Tunisia","2015","2015",54.09677,,
"FGP_5T8_F600","Percentage of graduates from Information and Communication Technologies programmes in tertiary education who are female (%)","TUN","Tunisia","2016","2016",55.46661,,
"FGP_5T8_F600","Percentage of graduates from Information and Communication Technologies programmes in tertiary education who are female (%)","TUN","Tunisia","2018","2018",55.64061,,
"FGP_5T8_F600","Percentage of graduates from Information and Communication Technologies programmes in tertiary education who are female (%)","RWA","Rwanda","2017","2017",35.44922,,
"FGP_5T8_F600","Percentage of graduates from Information and Communication Technologies programmes in tertiary education who are female (%)","RWA","Rwanda","2018","2018",39.08154,,
"FGP_5T8_F600","Percentage of graduates from Information and Communication Technologies programmes in tertiary education who are female (%)","ZAF","South Africa","2014","2014",39.69982,,
"FGP_5T8_F600","Percentage of graduates from Information and Communication Technologies programmes in tertiary education who are female (%)","ZAF","South Africa","2015","2015",39.17759,,
"FGP_5T8_F600","Percentage of graduates from Information and Communication Technologies programmes in tertiary education who are female (%)","ZAF","South Africa","2016","2016",36.98976,,
"FGP_5T8_F600","Percentage of graduates from Information and Communication Technologies programmes in tertiary education who are female (%)","ZAF","South Africa","2017","2017",38.42537,,
"FGP_5T8_F600","Percentage of graduates from Information and Communication Technologies programmes in tertiary education who are female (%)","EGY","Egypt","2016","2016",36.80913,,
"FGP_5T8_F600","Percentage of graduates from Information and Communication Technologies programmes in tertiary education who are female (%)","MUS","Mauritius","2017","2017",31.59117,,
"FGP_5T8_F600","Percentage of graduates from Information and Communication Technologies programmes in tertiary education who are female (%)","IND","India","2013","2013",44.75373,,
"FGP_5T8_F600","Percentage of graduates from Information and Communication Technologies programmes in tertiary education who are female (%)","IND","India","2014","2014",44.21147,,
"FGP_5T8_F600","Percentage of graduates from Information and Communication Technologies programmes in tertiary education who are female (%)","IND","India","2015","2015",44.57102,,
"FGP_5T8_F600","Percentage of graduates from Information and Communication Technologies programmes in tertiary education who are female (%)","IND","India","2016","2016",46.32084,,
"FGP_5T8_F600","Percentage of graduates from Information and Communication Technologies programmes in tertiary education who are female (%)","IND","India","2017","2017",50.11807,,
"FGP_5T8_F600","Percentage of graduates from Information and Communication Technologies programmes in tertiary education who are female (%)","IND","India","2018","2018",46.32791,,
"FGP_5T8_F600","Percentage of graduates from Information and Communication Technologies programmes in tertiary education who are female (%)","MRT","Mauritania","2016","2016",41.17647,,
"FGP_5T8_F600","Percentage of graduates from Information and Communication Technologies programmes in tertiary education who are female (%)","MRT","Mauritania","2017","2017",41.31737,,
"FGP_5T8_F600","Percentage of graduates from Information and Communication Technologies programmes in tertiary education who are female (%)","SXM","Sint Maarten (Dutch part)","2015","2015",75,,
"FGP_5T8_F600","Percentage of graduates from Information and Communication Technologies programmes in tertiary education who are female (%)","IDN","Indonesia","2014","2014",35.97724,,
"FGP_5T8_F600","Percentage of graduates from Information and Communication Technologies programmes in tertiary education who are female (%)","IDN","Indonesia","2015","2015",35.29992,,
"FGP_5T8_F600","Percentage of graduates from Information and Communication Technologies programmes in tertiary education who are female (%)","IDN","Indonesia","2016","2016",34.83984,,
"FGP_5T8_F600","Percentage of graduates from Information and Communication Technologies programmes in tertiary education who are female (%)","IDN","Indonesia","2017","2017",35.62578,,
"FGP_5T8_F600","Percentage of graduates from Information and Communication Technologies programmes in tertiary education who are female (%)","IDN","Indonesia","2018","2018",34.6707,,
"FGP_5T8_F600","Percentage of graduates from Information and Communication Technologies programmes in tertiary education who are female (%)","PRK","Democratic People's Republic of Korea","2015","2015",36.29672,,
"FGP_5T8_F600","Percentage of graduates from Information and Communication Technologies programmes in tertiary education who are female (%)","BLZ","Belize","2015","2015",19.44444,,
"FGP_5T8_F600","Percentage of graduates from Information and Communication Technologies programmes in tertiary education who are female (%)","THA","Thailand","2015","2015",50.55515,,
"FGP_5T8_F600","Percentage of graduates from Information and Communication Technologies programmes in tertiary education who are female (%)","THA","Thailand","2016","2016",47.85432,,
"FGP_5T8_F600","Percentage of graduates from Information and Communication Technologies programmes in tertiary education who are female (%)","GRD","Grenada","2015","2015",39.68254,,
"FGP_5T8_F600","Percentage of graduates from Information and Communication Technologies programmes in tertiary education who are female (%)","GRD","Grenada","2017","2017",21.62162,,
"FGP_5T8_F600","Percentage of graduates from Information and Communication Technologies programmes in tertiary education who are female (%)","GRD","Grenada","2018","2018",24.09639,,
"FGP_5T8_F600","Percentage of graduates from Information and Communication Technologies programmes in tertiary education who are female (%)","CPV","Cabo Verde","2016","2016",37.5,,
"FGP_5T8_F600","Percentage of graduates from Information and Communication Technologies programmes in tertiary education who are female (%)","CPV","Cabo Verde","2017","2017",38.46154,,
"FGP_5T8_F600","Percentage of graduates from Information and Communication Technologies programmes in tertiary education who are female (%)","CPV","Cabo Verde","2018","2018",44,,
"FGP_5T8_F600","Percentage of graduates from Information and Communication Technologies programmes in tertiary education who are female (%)","COD","Democratic Republic of the Congo","2016","2016",36.64532,,
"FGP_5T8_F600","Percentage of graduates from Information and Communication Technologies programmes in tertiary education who are female (%)","PER","Peru","2016","2016",50.211,,
"FGP_5T8_F600","Percentage of graduates from Information and Communication Technologies programmes in tertiary education who are female (%)","PER","Peru","2017","2017",49.55961,,
"FGP_5T8_F600","Percentage of graduates from Information and Communication Technologies programmes in tertiary education who are female (%)","SGP","Singapore","2016","2016",33.20769,,
"FGP_5T8_F600","Percentage of graduates from Information and Communication Technologies programmes in tertiary education who are female (%)","SGP","Singapore","2017","2017",32.2216,,
"FGP_5T8_F600","Percentage of graduates from Information and Communication Technologies programmes in tertiary education who are female (%)","CMR","Cameroon","2016","2016",,"a","Category not applicable"
"FGP_5T8_F600","Percentage of graduates from Information and Communication Technologies programmes in tertiary education who are female (%)","CMR","Cameroon","2017","2017",,"a","Category not applicable"
"FGP_5T8_F600","Percentage of graduates from Information and Communication Technologies programmes in tertiary education who are female (%)","SMR","San Marino","2018","2018",,"a","Category not applicable"
"FGP_5T8_F600","Percentage of graduates from Information and Communication Technologies programmes in tertiary education who are female (%)","COG","Congo","2017","2017",26.70157,,
